"glyph","hex","glyph_desc","glyph_script","alnum","alphabetic","block","gen_cat","indic_syl_cat","script","script_extent","ascii","basic_emoji","canon_combine_form","cjk_radical","default_ignorable","diacritic","emoji","equiv_uni_ideo","ext_picto","hangul_syl_type","hantype","ideograph","math","nonchar_code_point","radical","pattern_white_space","unified_ideograph","white_space","decimal"
"¬†ü®Ä¬†","1FA00","NEUTRAL CHESS KING","Other Symbol",NA,"No","Chess_Symbols","Other_Symbol","Other","Common",NA,"No","No","Not_Reordered",NA,"No","No","No","null","No","Not_Applicable","na","No","No","No","No","No","No","No",129536
"¬†ü®Å¬†","1FA01","NEUTRAL CHESS QUEEN","Other Symbol",NA,"No","Chess_Symbols","Other_Symbol","Other","Common",NA,"No","No","Not_Reordered",NA,"No","No","No","null","No","Not_Applicable","na","No","No","No","No","No","No","No",129537
"¬†ü®Ç¬†","1FA02","NEUTRAL CHESS ROOK","Other Symbol",NA,"No","Chess_Symbols","Other_Symbol","Other","Common",NA,"No","No","Not_Reordered",NA,"No","No","No","null","No","Not_Applicable","na","No","No","No","No","No","No","No",129538
"¬†ü®É¬†","1FA03","NEUTRAL CHESS BISHOP","Other Symbol",NA,"No","Chess_Symbols","Other_Symbol","Other","Common",NA,"No","No","Not_Reordered",NA,"No","No","No","null","No","Not_Applicable","na","No","No","No","No","No","No","No",129539
"¬†ü®Ñ¬†","1FA04","NEUTRAL CHESS KNIGHT","Other Symbol",NA,"No","Chess_Symbols","Other_Symbol","Other","Common",NA,"No","No","Not_Reordered",NA,"No","No","No","null","No","Not_Applicable","na","No","No","No","No","No","No","No",129540
"¬†ü®Ö¬†","1FA05","NEUTRAL CHESS PAWN","Other Symbol",NA,"No","Chess_Symbols","Other_Symbol","Other","Common",NA,"No","No","Not_Reordered",NA,"No","No","No","null","No","Not_Applicable","na","No","No","No","No","No","No","No",129541
"¬†ü®Ü¬†","1FA06","WHITE CHESS KNIGHT ROTATED FORTY-FIVE DEGREES","Other Symbol",NA,"No","Chess_Symbols","Other_Symbol","Other","Common",NA,"No","No","Not_Reordered",NA,"No","No","No","null","No","Not_Applicable","na","No","No","No","No","No","No","No",129542
"¬†ü®á¬†","1FA07","BLACK CHESS KNIGHT ROTATED FORTY-FIVE DEGREES","Other Symbol",NA,"No","Chess_Symbols","Other_Symbol","Other","Common",NA,"No","No","Not_Reordered",NA,"No","No","No","null","No","Not_Applicable","na","No","No","No","No","No","No","No",129543
"¬†ü®à¬†","1FA08","NEUTRAL CHESS KNIGHT ROTATED FORTY-FIVE DEGREES","Other Symbol",NA,"No","Chess_Symbols","Other_Symbol","Other","Common",NA,"No","No","Not_Reordered",NA,"No","No","No","null","No","Not_Applicable","na","No","No","No","No","No","No","No",129544
"¬†ü®â¬†","1FA09","WHITE CHESS KING ROTATED NINETY DEGREES","Other Symbol",NA,"No","Chess_Symbols","Other_Symbol","Other","Common",NA,"No","No","Not_Reordered",NA,"No","No","No","null","No","Not_Applicable","na","No","No","No","No","No","No","No",129545
"¬†ü®ä¬†","1FA0A","WHITE CHESS QUEEN ROTATED NINETY DEGREES","Other Symbol",NA,"No","Chess_Symbols","Other_Symbol","Other","Common",NA,"No","No","Not_Reordered",NA,"No","No","No","null","No","Not_Applicable","na","No","No","No","No","No","No","No",129546
"¬†ü®ã¬†","1FA0B","WHITE CHESS ROOK ROTATED NINETY DEGREES","Other Symbol",NA,"No","Chess_Symbols","Other_Symbol","Other","Common",NA,"No","No","Not_Reordered",NA,"No","No","No","null","No","Not_Applicable","na","No","No","No","No","No","No","No",129547
"¬†ü®å¬†","1FA0C","WHITE CHESS BISHOP ROTATED NINETY DEGREES","Other Symbol",NA,"No","Chess_Symbols","Other_Symbol","Other","Common",NA,"No","No","Not_Reordered",NA,"No","No","No","null","No","Not_Applicable","na","No","No","No","No","No","No","No",129548
"¬†ü®ç¬†","1FA0D","WHITE CHESS KNIGHT ROTATED NINETY DEGREES","Other Symbol",NA,"No","Chess_Symbols","Other_Symbol","Other","Common",NA,"No","No","Not_Reordered",NA,"No","No","No","null","No","Not_Applicable","na","No","No","No","No","No","No","No",129549
"¬†ü®é¬†","1FA0E","WHITE CHESS PAWN ROTATED NINETY DEGREES","Other Symbol",NA,"No","Chess_Symbols","Other_Symbol","Other","Common",NA,"No","No","Not_Reordered",NA,"No","No","No","null","No","Not_Applicable","na","No","No","No","No","No","No","No",129550
"¬†ü®è¬†","1FA0F","BLACK CHESS KING ROTATED NINETY DEGREES","Other Symbol",NA,"No","Chess_Symbols","Other_Symbol","Other","Common",NA,"No","No","Not_Reordered",NA,"No","No","No","null","No","Not_Applicable","na","No","No","No","No","No","No","No",129551
"¬†ü®ê¬†","1FA10","BLACK CHESS QUEEN ROTATED NINETY DEGREES","Other Symbol",NA,"No","Chess_Symbols","Other_Symbol","Other","Common",NA,"No","No","Not_Reordered",NA,"No","No","No","null","No","Not_Applicable","na","No","No","No","No","No","No","No",129552
"¬†ü®ë¬†","1FA11","BLACK CHESS ROOK ROTATED NINETY DEGREES","Other Symbol",NA,"No","Chess_Symbols","Other_Symbol","Other","Common",NA,"No","No","Not_Reordered",NA,"No","No","No","null","No","Not_Applicable","na","No","No","No","No","No","No","No",129553
"¬†ü®í¬†","1FA12","BLACK CHESS BISHOP ROTATED NINETY DEGREES","Other Symbol",NA,"No","Chess_Symbols","Other_Symbol","Other","Common",NA,"No","No","Not_Reordered",NA,"No","No","No","null","No","Not_Applicable","na","No","No","No","No","No","No","No",129554
"¬†ü®ì¬†","1FA13","BLACK CHESS KNIGHT ROTATED NINETY DEGREES","Other Symbol",NA,"No","Chess_Symbols","Other_Symbol","Other","Common",NA,"No","No","Not_Reordered",NA,"No","No","No","null","No","Not_Applicable","na","No","No","No","No","No","No","No",129555
"¬†ü®î¬†","1FA14","BLACK CHESS PAWN ROTATED NINETY DEGREES","Other Symbol",NA,"No","Chess_Symbols","Other_Symbol","Other","Common",NA,"No","No","Not_Reordered",NA,"No","No","No","null","No","Not_Applicable","na","No","No","No","No","No","No","No",129556
"¬†ü®ï¬†","1FA15","NEUTRAL CHESS KING ROTATED NINETY DEGREES","Other Symbol",NA,"No","Chess_Symbols","Other_Symbol","Other","Common",NA,"No","No","Not_Reordered",NA,"No","No","No","null","No","Not_Applicable","na","No","No","No","No","No","No","No",129557
"¬†ü®ñ¬†","1FA16","NEUTRAL CHESS QUEEN ROTATED NINETY DEGREES","Other Symbol",NA,"No","Chess_Symbols","Other_Symbol","Other","Common",NA,"No","No","Not_Reordered",NA,"No","No","No","null","No","Not_Applicable","na","No","No","No","No","No","No","No",129558
"¬†ü®ó¬†","1FA17","NEUTRAL CHESS ROOK ROTATED NINETY DEGREES","Other Symbol",NA,"No","Chess_Symbols","Other_Symbol","Other","Common",NA,"No","No","Not_Reordered",NA,"No","No","No","null","No","Not_Applicable","na","No","No","No","No","No","No","No",129559
"¬†ü®ò¬†","1FA18","NEUTRAL CHESS BISHOP ROTATED NINETY DEGREES","Other Symbol",NA,"No","Chess_Symbols","Other_Symbol","Other","Common",NA,"No","No","Not_Reordered",NA,"No","No","No","null","No","Not_Applicable","na","No","No","No","No","No","No","No",129560
"¬†ü®ô¬†","1FA19","NEUTRAL CHESS KNIGHT ROTATED NINETY DEGREES","Other Symbol",NA,"No","Chess_Symbols","Other_Symbol","Other","Common",NA,"No","No","Not_Reordered",NA,"No","No","No","null","No","Not_Applicable","na","No","No","No","No","No","No","No",129561
"¬†ü®ö¬†","1FA1A","NEUTRAL CHESS PAWN ROTATED NINETY DEGREES","Other Symbol",NA,"No","Chess_Symbols","Other_Symbol","Other","Common",NA,"No","No","Not_Reordered",NA,"No","No","No","null","No","Not_Applicable","na","No","No","No","No","No","No","No",129562
"¬†ü®õ¬†","1FA1B","WHITE CHESS KNIGHT ROTATED ONE HUNDRED THIRTY-FIVE DEGREES","Other Symbol",NA,"No","Chess_Symbols","Other_Symbol","Other","Common",NA,"No","No","Not_Reordered",NA,"No","No","No","null","No","Not_Applicable","na","No","No","No","No","No","No","No",129563
"¬†ü®ú¬†","1FA1C","BLACK CHESS KNIGHT ROTATED ONE HUNDRED THIRTY-FIVE DEGREES","Other Symbol",NA,"No","Chess_Symbols","Other_Symbol","Other","Common",NA,"No","No","Not_Reordered",NA,"No","No","No","null","No","Not_Applicable","na","No","No","No","No","No","No","No",129564
"¬†ü®ù¬†","1FA1D","NEUTRAL CHESS KNIGHT ROTATED ONE HUNDRED THIRTY-FIVE DEGREES","Other Symbol",NA,"No","Chess_Symbols","Other_Symbol","Other","Common",NA,"No","No","Not_Reordered",NA,"No","No","No","null","No","Not_Applicable","na","No","No","No","No","No","No","No",129565
"¬†ü®û¬†","1FA1E","WHITE CHESS TURNED KING","Other Symbol",NA,"No","Chess_Symbols","Other_Symbol","Other","Common",NA,"No","No","Not_Reordered",NA,"No","No","No","null","No","Not_Applicable","na","No","No","No","No","No","No","No",129566
"¬†ü®ü¬†","1FA1F","WHITE CHESS TURNED QUEEN","Other Symbol",NA,"No","Chess_Symbols","Other_Symbol","Other","Common",NA,"No","No","Not_Reordered",NA,"No","No","No","null","No","Not_Applicable","na","No","No","No","No","No","No","No",129567
"¬†ü®†¬†","1FA20","WHITE CHESS TURNED ROOK","Other Symbol",NA,"No","Chess_Symbols","Other_Symbol","Other","Common",NA,"No","No","Not_Reordered",NA,"No","No","No","null","No","Not_Applicable","na","No","No","No","No","No","No","No",129568
"¬†ü®°¬†","1FA21","WHITE CHESS TURNED BISHOP","Other Symbol",NA,"No","Chess_Symbols","Other_Symbol","Other","Common",NA,"No","No","Not_Reordered",NA,"No","No","No","null","No","Not_Applicable","na","No","No","No","No","No","No","No",129569
"¬†ü®¢¬†","1FA22","WHITE CHESS TURNED KNIGHT","Other Symbol",NA,"No","Chess_Symbols","Other_Symbol","Other","Common",NA,"No","No","Not_Reordered",NA,"No","No","No","null","No","Not_Applicable","na","No","No","No","No","No","No","No",129570
"¬†ü®£¬†","1FA23","WHITE CHESS TURNED PAWN","Other Symbol",NA,"No","Chess_Symbols","Other_Symbol","Other","Common",NA,"No","No","Not_Reordered",NA,"No","No","No","null","No","Not_Applicable","na","No","No","No","No","No","No","No",129571
"¬†ü®§¬†","1FA24","BLACK CHESS TURNED KING","Other Symbol",NA,"No","Chess_Symbols","Other_Symbol","Other","Common",NA,"No","No","Not_Reordered",NA,"No","No","No","null","No","Not_Applicable","na","No","No","No","No","No","No","No",129572
"¬†ü®•¬†","1FA25","BLACK CHESS TURNED QUEEN","Other Symbol",NA,"No","Chess_Symbols","Other_Symbol","Other","Common",NA,"No","No","Not_Reordered",NA,"No","No","No","null","No","Not_Applicable","na","No","No","No","No","No","No","No",129573
"¬†ü®¶¬†","1FA26","BLACK CHESS TURNED ROOK","Other Symbol",NA,"No","Chess_Symbols","Other_Symbol","Other","Common",NA,"No","No","Not_Reordered",NA,"No","No","No","null","No","Not_Applicable","na","No","No","No","No","No","No","No",129574
"¬†ü®ß¬†","1FA27","BLACK CHESS TURNED BISHOP","Other Symbol",NA,"No","Chess_Symbols","Other_Symbol","Other","Common",NA,"No","No","Not_Reordered",NA,"No","No","No","null","No","Not_Applicable","na","No","No","No","No","No","No","No",129575
"¬†ü®®¬†","1FA28","BLACK CHESS TURNED KNIGHT","Other Symbol",NA,"No","Chess_Symbols","Other_Symbol","Other","Common",NA,"No","No","Not_Reordered",NA,"No","No","No","null","No","Not_Applicable","na","No","No","No","No","No","No","No",129576
"¬†ü®©¬†","1FA29","BLACK CHESS TURNED PAWN","Other Symbol",NA,"No","Chess_Symbols","Other_Symbol","Other","Common",NA,"No","No","Not_Reordered",NA,"No","No","No","null","No","Not_Applicable","na","No","No","No","No","No","No","No",129577
"¬†ü®™¬†","1FA2A","NEUTRAL CHESS TURNED KING","Other Symbol",NA,"No","Chess_Symbols","Other_Symbol","Other","Common",NA,"No","No","Not_Reordered",NA,"No","No","No","null","No","Not_Applicable","na","No","No","No","No","No","No","No",129578
"¬†ü®´¬†","1FA2B","NEUTRAL CHESS TURNED QUEEN","Other Symbol",NA,"No","Chess_Symbols","Other_Symbol","Other","Common",NA,"No","No","Not_Reordered",NA,"No","No","No","null","No","Not_Applicable","na","No","No","No","No","No","No","No",129579
"¬†ü®¨¬†","1FA2C","NEUTRAL CHESS TURNED ROOK","Other Symbol",NA,"No","Chess_Symbols","Other_Symbol","Other","Common",NA,"No","No","Not_Reordered",NA,"No","No","No","null","No","Not_Applicable","na","No","No","No","No","No","No","No",129580
"¬†ü®≠¬†","1FA2D","NEUTRAL CHESS TURNED BISHOP","Other Symbol",NA,"No","Chess_Symbols","Other_Symbol","Other","Common",NA,"No","No","Not_Reordered",NA,"No","No","No","null","No","Not_Applicable","na","No","No","No","No","No","No","No",129581
"¬†ü®Æ¬†","1FA2E","NEUTRAL CHESS TURNED KNIGHT","Other Symbol",NA,"No","Chess_Symbols","Other_Symbol","Other","Common",NA,"No","No","Not_Reordered",NA,"No","No","No","null","No","Not_Applicable","na","No","No","No","No","No","No","No",129582
"¬†ü®Ø¬†","1FA2F","NEUTRAL CHESS TURNED PAWN","Other Symbol",NA,"No","Chess_Symbols","Other_Symbol","Other","Common",NA,"No","No","Not_Reordered",NA,"No","No","No","null","No","Not_Applicable","na","No","No","No","No","No","No","No",129583
"¬†ü®∞¬†","1FA30","WHITE CHESS KNIGHT ROTATED TWO HUNDRED TWENTY-FIVE DEGREES","Other Symbol",NA,"No","Chess_Symbols","Other_Symbol","Other","Common",NA,"No","No","Not_Reordered",NA,"No","No","No","null","No","Not_Applicable","na","No","No","No","No","No","No","No",129584
"¬†ü®±¬†","1FA31","BLACK CHESS KNIGHT ROTATED TWO HUNDRED TWENTY-FIVE DEGREES","Other Symbol",NA,"No","Chess_Symbols","Other_Symbol","Other","Common",NA,"No","No","Not_Reordered",NA,"No","No","No","null","No","Not_Applicable","na","No","No","No","No","No","No","No",129585
"¬†ü®≤¬†","1FA32","NEUTRAL CHESS KNIGHT ROTATED TWO HUNDRED TWENTY-FIVE DEGREES","Other Symbol",NA,"No","Chess_Symbols","Other_Symbol","Other","Common",NA,"No","No","Not_Reordered",NA,"No","No","No","null","No","Not_Applicable","na","No","No","No","No","No","No","No",129586
"¬†ü®≥¬†","1FA33","WHITE CHESS KING ROTATED TWO HUNDRED SEVENTY DEGREES","Other Symbol",NA,"No","Chess_Symbols","Other_Symbol","Other","Common",NA,"No","No","Not_Reordered",NA,"No","No","No","null","No","Not_Applicable","na","No","No","No","No","No","No","No",129587
"¬†ü®¥¬†","1FA34","WHITE CHESS QUEEN ROTATED TWO HUNDRED SEVENTY DEGREES","Other Symbol",NA,"No","Chess_Symbols","Other_Symbol","Other","Common",NA,"No","No","Not_Reordered",NA,"No","No","No","null","No","Not_Applicable","na","No","No","No","No","No","No","No",129588
"¬†ü®µ¬†","1FA35","WHITE CHESS ROOK ROTATED TWO HUNDRED SEVENTY DEGREES","Other Symbol",NA,"No","Chess_Symbols","Other_Symbol","Other","Common",NA,"No","No","Not_Reordered",NA,"No","No","No","null","No","Not_Applicable","na","No","No","No","No","No","No","No",129589
"¬†ü®∂¬†","1FA36","WHITE CHESS BISHOP ROTATED TWO HUNDRED SEVENTY DEGREES","Other Symbol",NA,"No","Chess_Symbols","Other_Symbol","Other","Common",NA,"No","No","Not_Reordered",NA,"No","No","No","null","No","Not_Applicable","na","No","No","No","No","No","No","No",129590
"¬†ü®∑¬†","1FA37","WHITE CHESS KNIGHT ROTATED TWO HUNDRED SEVENTY DEGREES","Other Symbol",NA,"No","Chess_Symbols","Other_Symbol","Other","Common",NA,"No","No","Not_Reordered",NA,"No","No","No","null","No","Not_Applicable","na","No","No","No","No","No","No","No",129591
"¬†ü®∏¬†","1FA38","WHITE CHESS PAWN ROTATED TWO HUNDRED SEVENTY DEGREES","Other Symbol",NA,"No","Chess_Symbols","Other_Symbol","Other","Common",NA,"No","No","Not_Reordered",NA,"No","No","No","null","No","Not_Applicable","na","No","No","No","No","No","No","No",129592
"¬†ü®π¬†","1FA39","BLACK CHESS KING ROTATED TWO HUNDRED SEVENTY DEGREES","Other Symbol",NA,"No","Chess_Symbols","Other_Symbol","Other","Common",NA,"No","No","Not_Reordered",NA,"No","No","No","null","No","Not_Applicable","na","No","No","No","No","No","No","No",129593
"¬†ü®∫¬†","1FA3A","BLACK CHESS QUEEN ROTATED TWO HUNDRED SEVENTY DEGREES","Other Symbol",NA,"No","Chess_Symbols","Other_Symbol","Other","Common",NA,"No","No","Not_Reordered",NA,"No","No","No","null","No","Not_Applicable","na","No","No","No","No","No","No","No",129594
"¬†ü®ª¬†","1FA3B","BLACK CHESS ROOK ROTATED TWO HUNDRED SEVENTY DEGREES","Other Symbol",NA,"No","Chess_Symbols","Other_Symbol","Other","Common",NA,"No","No","Not_Reordered",NA,"No","No","No","null","No","Not_Applicable","na","No","No","No","No","No","No","No",129595
"¬†ü®º¬†","1FA3C","BLACK CHESS BISHOP ROTATED TWO HUNDRED SEVENTY DEGREES","Other Symbol",NA,"No","Chess_Symbols","Other_Symbol","Other","Common",NA,"No","No","Not_Reordered",NA,"No","No","No","null","No","Not_Applicable","na","No","No","No","No","No","No","No",129596
"¬†ü®Ω¬†","1FA3D","BLACK CHESS KNIGHT ROTATED TWO HUNDRED SEVENTY DEGREES","Other Symbol",NA,"No","Chess_Symbols","Other_Symbol","Other","Common",NA,"No","No","Not_Reordered",NA,"No","No","No","null","No","Not_Applicable","na","No","No","No","No","No","No","No",129597
"¬†ü®æ¬†","1FA3E","BLACK CHESS PAWN ROTATED TWO HUNDRED SEVENTY DEGREES","Other Symbol",NA,"No","Chess_Symbols","Other_Symbol","Other","Common",NA,"No","No","Not_Reordered",NA,"No","No","No","null","No","Not_Applicable","na","No","No","No","No","No","No","No",129598
"¬†ü®ø¬†","1FA3F","NEUTRAL CHESS KING ROTATED TWO HUNDRED SEVENTY DEGREES","Other Symbol",NA,"No","Chess_Symbols","Other_Symbol","Other","Common",NA,"No","No","Not_Reordered",NA,"No","No","No","null","No","Not_Applicable","na","No","No","No","No","No","No","No",129599
"¬†ü©Ä¬†","1FA40","NEUTRAL CHESS QUEEN ROTATED TWO HUNDRED SEVENTY DEGREES","Other Symbol",NA,"No","Chess_Symbols","Other_Symbol","Other","Common",NA,"No","No","Not_Reordered",NA,"No","No","No","null","No","Not_Applicable","na","No","No","No","No","No","No","No",129600
"¬†ü©Å¬†","1FA41","NEUTRAL CHESS ROOK ROTATED TWO HUNDRED SEVENTY DEGREES","Other Symbol",NA,"No","Chess_Symbols","Other_Symbol","Other","Common",NA,"No","No","Not_Reordered",NA,"No","No","No","null","No","Not_Applicable","na","No","No","No","No","No","No","No",129601
"¬†ü©Ç¬†","1FA42","NEUTRAL CHESS BISHOP ROTATED TWO HUNDRED SEVENTY DEGREES","Other Symbol",NA,"No","Chess_Symbols","Other_Symbol","Other","Common",NA,"No","No","Not_Reordered",NA,"No","No","No","null","No","Not_Applicable","na","No","No","No","No","No","No","No",129602
"¬†ü©É¬†","1FA43","NEUTRAL CHESS KNIGHT ROTATED TWO HUNDRED SEVENTY DEGREES","Other Symbol",NA,"No","Chess_Symbols","Other_Symbol","Other","Common",NA,"No","No","Not_Reordered",NA,"No","No","No","null","No","Not_Applicable","na","No","No","No","No","No","No","No",129603
"¬†ü©Ñ¬†","1FA44","NEUTRAL CHESS PAWN ROTATED TWO HUNDRED SEVENTY DEGREES","Other Symbol",NA,"No","Chess_Symbols","Other_Symbol","Other","Common",NA,"No","No","Not_Reordered",NA,"No","No","No","null","No","Not_Applicable","na","No","No","No","No","No","No","No",129604
"¬†ü©Ö¬†","1FA45","WHITE CHESS KNIGHT ROTATED THREE HUNDRED FIFTEEN DEGREES","Other Symbol",NA,"No","Chess_Symbols","Other_Symbol","Other","Common",NA,"No","No","Not_Reordered",NA,"No","No","No","null","No","Not_Applicable","na","No","No","No","No","No","No","No",129605
"¬†ü©Ü¬†","1FA46","BLACK CHESS KNIGHT ROTATED THREE HUNDRED FIFTEEN DEGREES","Other Symbol",NA,"No","Chess_Symbols","Other_Symbol","Other","Common",NA,"No","No","Not_Reordered",NA,"No","No","No","null","No","Not_Applicable","na","No","No","No","No","No","No","No",129606
"¬†ü©á¬†","1FA47","NEUTRAL CHESS KNIGHT ROTATED THREE HUNDRED FIFTEEN DEGREES","Other Symbol",NA,"No","Chess_Symbols","Other_Symbol","Other","Common",NA,"No","No","Not_Reordered",NA,"No","No","No","null","No","Not_Applicable","na","No","No","No","No","No","No","No",129607
"¬†ü©à¬†","1FA48","WHITE CHESS EQUIHOPPER","Other Symbol",NA,"No","Chess_Symbols","Other_Symbol","Other","Common",NA,"No","No","Not_Reordered",NA,"No","No","No","null","No","Not_Applicable","na","No","No","No","No","No","No","No",129608
"¬†ü©â¬†","1FA49","BLACK CHESS EQUIHOPPER","Other Symbol",NA,"No","Chess_Symbols","Other_Symbol","Other","Common",NA,"No","No","Not_Reordered",NA,"No","No","No","null","No","Not_Applicable","na","No","No","No","No","No","No","No",129609
"¬†ü©ä¬†","1FA4A","NEUTRAL CHESS EQUIHOPPER","Other Symbol",NA,"No","Chess_Symbols","Other_Symbol","Other","Common",NA,"No","No","Not_Reordered",NA,"No","No","No","null","No","Not_Applicable","na","No","No","No","No","No","No","No",129610
"¬†ü©ã¬†","1FA4B","WHITE CHESS EQUIHOPPER ROTATED NINETY DEGREES","Other Symbol",NA,"No","Chess_Symbols","Other_Symbol","Other","Common",NA,"No","No","Not_Reordered",NA,"No","No","No","null","No","Not_Applicable","na","No","No","No","No","No","No","No",129611
"¬†ü©å¬†","1FA4C","BLACK CHESS EQUIHOPPER ROTATED NINETY DEGREES","Other Symbol",NA,"No","Chess_Symbols","Other_Symbol","Other","Common",NA,"No","No","Not_Reordered",NA,"No","No","No","null","No","Not_Applicable","na","No","No","No","No","No","No","No",129612
"¬†ü©ç¬†","1FA4D","NEUTRAL CHESS EQUIHOPPER ROTATED NINETY DEGREES","Other Symbol",NA,"No","Chess_Symbols","Other_Symbol","Other","Common",NA,"No","No","Not_Reordered",NA,"No","No","No","null","No","Not_Applicable","na","No","No","No","No","No","No","No",129613
"¬†ü©é¬†","1FA4E","WHITE CHESS KNIGHT-QUEEN","Other Symbol",NA,"No","Chess_Symbols","Other_Symbol","Other","Common",NA,"No","No","Not_Reordered",NA,"No","No","No","null","No","Not_Applicable","na","No","No","No","No","No","No","No",129614
"¬†ü©è¬†","1FA4F","WHITE CHESS KNIGHT-ROOK","Other Symbol",NA,"No","Chess_Symbols","Other_Symbol","Other","Common",NA,"No","No","Not_Reordered",NA,"No","No","No","null","No","Not_Applicable","na","No","No","No","No","No","No","No",129615
"¬†ü©ê¬†","1FA50","WHITE CHESS KNIGHT-BISHOP","Other Symbol",NA,"No","Chess_Symbols","Other_Symbol","Other","Common",NA,"No","No","Not_Reordered",NA,"No","No","No","null","No","Not_Applicable","na","No","No","No","No","No","No","No",129616
"¬†ü©ë¬†","1FA51","BLACK CHESS KNIGHT-QUEEN","Other Symbol",NA,"No","Chess_Symbols","Other_Symbol","Other","Common",NA,"No","No","Not_Reordered",NA,"No","No","No","null","No","Not_Applicable","na","No","No","No","No","No","No","No",129617
"¬†ü©í¬†","1FA52","BLACK CHESS KNIGHT-ROOK","Other Symbol",NA,"No","Chess_Symbols","Other_Symbol","Other","Common",NA,"No","No","Not_Reordered",NA,"No","No","No","null","No","Not_Applicable","na","No","No","No","No","No","No","No",129618
"¬†ü©ì¬†","1FA53","BLACK CHESS KNIGHT-BISHOP","Other Symbol",NA,"No","Chess_Symbols","Other_Symbol","Other","Common",NA,"No","No","Not_Reordered",NA,"No","No","No","null","No","Not_Applicable","na","No","No","No","No","No","No","No",129619
"¬†ü©î¬†","1FA54","WHITE CHESS FERZ","Other Symbol",NA,"No","Chess_Symbols","Other_Symbol","Other","Common",NA,"No","No","Not_Reordered",NA,"No","No","No","null","No","Not_Applicable","na","No","No","No","No","No","No","No",129620
"¬†ü©ï¬†","1FA55","WHITE CHESS ALFIL","Other Symbol",NA,"No","Chess_Symbols","Other_Symbol","Other","Common",NA,"No","No","Not_Reordered",NA,"No","No","No","null","No","Not_Applicable","na","No","No","No","No","No","No","No",129621
"¬†ü©ñ¬†","1FA56","BLACK CHESS FERZ","Other Symbol",NA,"No","Chess_Symbols","Other_Symbol","Other","Common",NA,"No","No","Not_Reordered",NA,"No","No","No","null","No","Not_Applicable","na","No","No","No","No","No","No","No",129622
"¬†ü©ó¬†","1FA57","BLACK CHESS ALFIL","Other Symbol",NA,"No","Chess_Symbols","Other_Symbol","Other","Common",NA,"No","No","Not_Reordered",NA,"No","No","No","null","No","Not_Applicable","na","No","No","No","No","No","No","No",129623
"¬†ü©ò¬†","1FA58","Unknown","Unknown Script",NA,"No","Chess_Symbols","Unassigned","Other","Unknown",NA,"No","No","Not_Reordered",NA,"No","No","No","null","Yes","Not_Applicable","na","No","No","No","No","No","No","No",129624
"¬†ü©ô¬†","1FA59","Unknown","Unknown Script",NA,"No","Chess_Symbols","Unassigned","Other","Unknown",NA,"No","No","Not_Reordered",NA,"No","No","No","null","Yes","Not_Applicable","na","No","No","No","No","No","No","No",129625
"¬†ü©ö¬†","1FA5A","Unknown","Unknown Script",NA,"No","Chess_Symbols","Unassigned","Other","Unknown",NA,"No","No","Not_Reordered",NA,"No","No","No","null","Yes","Not_Applicable","na","No","No","No","No","No","No","No",129626
"¬†ü©õ¬†","1FA5B","Unknown","Unknown Script",NA,"No","Chess_Symbols","Unassigned","Other","Unknown",NA,"No","No","Not_Reordered",NA,"No","No","No","null","Yes","Not_Applicable","na","No","No","No","No","No","No","No",129627
"¬†ü©ú¬†","1FA5C","Unknown","Unknown Script",NA,"No","Chess_Symbols","Unassigned","Other","Unknown",NA,"No","No","Not_Reordered",NA,"No","No","No","null","Yes","Not_Applicable","na","No","No","No","No","No","No","No",129628
"¬†ü©ù¬†","1FA5D","Unknown","Unknown Script",NA,"No","Chess_Symbols","Unassigned","Other","Unknown",NA,"No","No","Not_Reordered",NA,"No","No","No","null","Yes","Not_Applicable","na","No","No","No","No","No","No","No",129629
"¬†ü©û¬†","1FA5E","Unknown","Unknown Script",NA,"No","Chess_Symbols","Unassigned","Other","Unknown",NA,"No","No","Not_Reordered",NA,"No","No","No","null","Yes","Not_Applicable","na","No","No","No","No","No","No","No",129630
"¬†ü©ü¬†","1FA5F","Unknown","Unknown Script",NA,"No","Chess_Symbols","Unassigned","Other","Unknown",NA,"No","No","Not_Reordered",NA,"No","No","No","null","Yes","Not_Applicable","na","No","No","No","No","No","No","No",129631
"¬†ü©†¬†","1FA60","XIANGQI RED GENERAL","Other Symbol",NA,"No","Chess_Symbols","Other_Symbol","Other","Common",NA,"No","No","Not_Reordered",NA,"No","No","No","null","No","Not_Applicable","na","No","No","No","No","No","No","No",129632
"¬†ü©°¬†","1FA61","XIANGQI RED MANDARIN","Other Symbol",NA,"No","Chess_Symbols","Other_Symbol","Other","Common",NA,"No","No","Not_Reordered",NA,"No","No","No","null","No","Not_Applicable","na","No","No","No","No","No","No","No",129633
"¬†ü©¢¬†","1FA62","XIANGQI RED ELEPHANT","Other Symbol",NA,"No","Chess_Symbols","Other_Symbol","Other","Common",NA,"No","No","Not_Reordered",NA,"No","No","No","null","No","Not_Applicable","na","No","No","No","No","No","No","No",129634
"¬†ü©£¬†","1FA63","XIANGQI RED HORSE","Other Symbol",NA,"No","Chess_Symbols","Other_Symbol","Other","Common",NA,"No","No","Not_Reordered",NA,"No","No","No","null","No","Not_Applicable","na","No","No","No","No","No","No","No",129635
"¬†ü©§¬†","1FA64","XIANGQI RED CHARIOT","Other Symbol",NA,"No","Chess_Symbols","Other_Symbol","Other","Common",NA,"No","No","Not_Reordered",NA,"No","No","No","null","No","Not_Applicable","na","No","No","No","No","No","No","No",129636
"¬†ü©•¬†","1FA65","XIANGQI RED CANNON","Other Symbol",NA,"No","Chess_Symbols","Other_Symbol","Other","Common",NA,"No","No","Not_Reordered",NA,"No","No","No","null","No","Not_Applicable","na","No","No","No","No","No","No","No",129637
"¬†ü©¶¬†","1FA66","XIANGQI RED SOLDIER","Other Symbol",NA,"No","Chess_Symbols","Other_Symbol","Other","Common",NA,"No","No","Not_Reordered",NA,"No","No","No","null","No","Not_Applicable","na","No","No","No","No","No","No","No",129638
"¬†ü©ß¬†","1FA67","XIANGQI BLACK GENERAL","Other Symbol",NA,"No","Chess_Symbols","Other_Symbol","Other","Common",NA,"No","No","Not_Reordered",NA,"No","No","No","null","No","Not_Applicable","na","No","No","No","No","No","No","No",129639
"¬†ü©®¬†","1FA68","XIANGQI BLACK MANDARIN","Other Symbol",NA,"No","Chess_Symbols","Other_Symbol","Other","Common",NA,"No","No","Not_Reordered",NA,"No","No","No","null","No","Not_Applicable","na","No","No","No","No","No","No","No",129640
"¬†ü©©¬†","1FA69","XIANGQI BLACK ELEPHANT","Other Symbol",NA,"No","Chess_Symbols","Other_Symbol","Other","Common",NA,"No","No","Not_Reordered",NA,"No","No","No","null","No","Not_Applicable","na","No","No","No","No","No","No","No",129641
"¬†ü©™¬†","1FA6A","XIANGQI BLACK HORSE","Other Symbol",NA,"No","Chess_Symbols","Other_Symbol","Other","Common",NA,"No","No","Not_Reordered",NA,"No","No","No","null","No","Not_Applicable","na","No","No","No","No","No","No","No",129642
"¬†ü©´¬†","1FA6B","XIANGQI BLACK CHARIOT","Other Symbol",NA,"No","Chess_Symbols","Other_Symbol","Other","Common",NA,"No","No","Not_Reordered",NA,"No","No","No","null","No","Not_Applicable","na","No","No","No","No","No","No","No",129643
"¬†ü©¨¬†","1FA6C","XIANGQI BLACK CANNON","Other Symbol",NA,"No","Chess_Symbols","Other_Symbol","Other","Common",NA,"No","No","Not_Reordered",NA,"No","No","No","null","No","Not_Applicable","na","No","No","No","No","No","No","No",129644
"¬†ü©≠¬†","1FA6D","XIANGQI BLACK SOLDIER","Other Symbol",NA,"No","Chess_Symbols","Other_Symbol","Other","Common",NA,"No","No","Not_Reordered",NA,"No","No","No","null","No","Not_Applicable","na","No","No","No","No","No","No","No",129645
"¬†ü©Æ¬†","1FA6E","Unknown","Unknown Script",NA,"No","Chess_Symbols","Unassigned","Other","Unknown",NA,"No","No","Not_Reordered",NA,"No","No","No","null","Yes","Not_Applicable","na","No","No","No","No","No","No","No",129646
"¬†ü©Ø¬†","1FA6F","Unknown","Unknown Script",NA,"No","Chess_Symbols","Unassigned","Other","Unknown",NA,"No","No","Not_Reordered",NA,"No","No","No","null","Yes","Not_Applicable","na","No","No","No","No","No","No","No",129647
